form,model_lemma
2/14/2005,2/14/2005
confused,confuse
revise,revise
you,you
you,you
Joe,Joe
.,.
Newsgroups,newsgroup
keeping,keep
in,in
",",","
announced,announce
wanted,want
TX,TX
leading,lead
reviews,review
-,-
you,you
bullshit,bullshit
-,-
the,the
MSM,MSM
the,the
APEC,APEC
",",","
",",","
'74,'74
a,a
training,train
you,you
company,company
pretty,pretty
.,.
-,-
the,the
emphemeral,emphemeral
finished,finish
the,the
allies,ally
my,my
up,up
makes,make
Enron,Enron
pay,pay
the,the
provided,provide
guy,guy
Farrell,Farrell
the,the
saving,save
satisfied,satisfy
ounces,ounce
and,and
the,the
battery,battery
to,to
the,the
Lincoln,Lincoln
statues,statue
cory,cory
revised,revise
greasy,greasy
ago,ago
when,when
address,address
bathroom,bathroom
to,to
slower,slow
sympathise,sympathise
HPL,HPL
I,I
the,the
elections,election
.,.
somewhat,somewhat
Wii,Wii
anyone,anyone
out,out
Detroit,Detroit
device,device
here,here
he,he
.,.
blowing,blow
vegetables,vegetable
component,component
comes,come
for,for
exhibits,exhibit
?,?
government,government
the,the
ground,ground
Everyone,everyone
wash,wash
acts,act
you,you
with,with
Clinton,Clinton
guys,guy
This,this
and,and
you,you
you,you
dreams,dream
the,the
sleep,sleep
to,to
coarse,coarse
the,the
links,link
like,like
cichlids,cichlid
you,you
a,a
the,the
.,.
i,i
websites,website
must,must
ppl,ppl
Sprecher,Sprecher
hunting,hunt
the,the
The,the
and,and
koreans,korean
the,the
713.853.3102,713.853.3102
just,just
details,detail
I,I
Collins,Collins
the,the
had,have
the,the
Thank,thank
Courteous,courteous
he,he
the,the
results,result
resources,resource
stars,star
are,be
Blanche,Blanche
cash,cash
which,which
ruth.penyc...@bbc.co.uk,ruth.penyc...@bbc.co.uk
Jordan,Jordan
soyega,soyega
blowing,blow
asked,ask
Yup,yup
Friday,Friday
quite,quite
is,be
giving,give
you,you
not,not
to,to
hands,hand
the,the
gifts,gift
pledged,pledge
(,(
"""",NA
film,film
by,by
friends,friend
",",","
by,by
Administrator,administrator
put,put
to,to
leaders,leader
matters,matter
over,over
experience,experience
Web,web
switched,switch
additional,additional
-,-
you,you
you,you
you,you
Arriving,arrive
timely,timely
compliments,compliment
contemplating,contemplate
-,-
the,the
photographers,photographer
Invercargill,Invercargill
years,year
I,I
Confidentiality,confidentiality
have,have
frame,frame
getting,get
darlington,darlington