"form,model_lemma"
"websites,website"
"APEC,APEC"
"you,you"
"component,component"
"'74,'74"
"is,be"
"to,to"
"leaders,leader"
"sleep,sleep"
"like,like"
"pretty,pretty"
"by,by"
"the,the"
"he,he"
"Newsgroups,Newsgroups"
"This,this"
"HPL,HPL"
"the,the"
"when,when"
"I,I"
"2/14/2005,2/14/2005"
"details,detail"
".,."
"bullshit,bullshit"
"over,over"
"confused,confuse"
"Blanche,Blanche"
"blowing,blow"
"company,company"
"you,you"
"wash,wash"
"contemplating,contemplate"
"wanted,want"
"by,by"
"ounces,ounce"
"and,and"
"the,the"
"training,training"
".,."
"MSM,MSM"
"Yup,Yup"
"“”“”,“”“”"""
"which,which"
"hands,hand"
"I,I"
"Farrell,Farrell"
"comes,come"
"in,in"
"the,the"
"quite,quite"
"i,i"
"Thank,thank"
"not,not"
"“”“,”“”"
"Friday,Friday"
"the,the"
"with,with"
"the,the"
"-,-"
"revised,revise"
"cory,cory"
"getting,get"
"Collins,Collins"
"soyega,soyega"
"sympathise,sympathise"
"the,the"
"saving,saving"
"you,you"
"the,the"
"reviews,review"
"out,out"
"713.853.3102,713.853.3102"
"Lincoln,Lincoln"
"Administrator,Administrator"
"resources,resource"
"greasy,greasy"
"finished,finish"
"-,-"
"keeping,keep"
"timely,timely"
"the,the"
"allies,ally"
"to,to"
"are,be"
"additional,additional"
"frame,frame"
".,."
"here,here"
"had,have"
"gifts,gift"
"giving,give"
"the,the"
"links,link"
"elections,election"
"ppl,ppl"
"guys,guy"
"you,you"
"have,have"
"statues,statue"
"Jordan,Jordan"
